seconds,temp_comp_c
0.020,38.872
0.041,39.007
0.061,38.872
0.081,38.872
0.101,39.007
0.121,38.872
0.142,39.007
0.161,38.872
0.181,38.872
0.200,39.007
0.222,38.466
0.241,38.736
0.261,38.872
0.282,38.872
0.301,38.872
0.321,38.872
0.341,38.872
0.362,38.872
0.382,38.872
0.402,38.872
0.413,38.872
0.433,38.872
0.462,38.736
0.476,38.872
0.497,38.872
0.516,38.872
0.536,38.872
0.560,38.872
0.577,38.872
0.598,38.872
0.619,38.872
0.639,38.872
0.659,38.872
0.680,39.007
0.700,38.872
0.720,38.872
0.741,38.872
0.762,38.872
0.782,38.872
0.802,38.872
0.823,38.872
0.843,38.872
0.863,38.872
0.873,38.872
0.894,38.872
0.914,38.872
0.935,38.872
0.955,38.872
0.978,39.007
1.002,38.872
1.023,38.872
1.038,38.872
1.058,38.872
1.078,38.872
1.099,38.872
1.120,38.872
1.140,38.872
1.164,38.872
1.182,38.872
1.203,39.143
1.222,39.143
1.244,38.466
1.263,38.872
1.283,38.872
1.303,38.872
1.324,39.007
1.342,38.872
1.355,38.872
1.384,38.872
1.404,38.872
1.416,38.872
1.437,38.872
1.458,38.872
1.478,38.872
1.504,38.872
1.525,38.872
1.540,38.872
1.560,38.872
1.580,38.872
1.604,39.279
1.621,38.872
1.641,38.872
1.662,38.872
1.682,39.007
1.702,38.872
1.723,38.872
1.743,38.872
1.763,38.872
1.784,38.872
1.805,39.007
1.825,38.872
1.845,39.143
1.866,38.872
1.883,38.872
1.899,38.872
1.917,38.872
1.945,38.872
1.963,38.872
1.978,38.872
2.005,38.872
2.023,38.872
2.039,38.872
2.065,39.007
2.085,38.872
2.106,38.872
2.125,39.416
2.141,38.872
2.166,38.872
2.182,38.872
2.206,38.872
2.225,38.872
2.244,38.872
2.265,38.872
2.285,38.872
2.306,39.143
2.326,39.007
2.346,38.872
2.367,38.872
2.386,38.872
2.407,38.872
2.427,38.872
2.447,38.872
2.467,38.872
2.487,39.007
2.507,38.872
2.525,38.872
2.547,38.872
2.566,38.872
2.587,38.872
2.607,38.872
2.625,38.872
2.642,38.872
2.667,38.872
2.687,38.872
2.706,38.872
2.720,38.872
2.742,38.872
2.761,38.872
2.784,38.872
2.802,38.872
2.825,38.736
2.847,38.872
2.864,38.872
2.888,38.872
2.905,38.872
2.927,38.872
2.947,38.872
2.967,38.872
2.988,38.872
3.008,39.007
3.029,39.143
3.048,39.007
3.068,38.872
3.088,38.872
3.105,38.872
3.126,38.872
3.148,38.872
3.161,38.872
3.183,38.872
3.204,38.872
3.222,38.332
3.248,38.736
3.263,38.872
3.283,38.872
3.306,38.736
3.328,38.872
3.344,38.466
3.367,38.736
3.388,38.872
3.406,38.736
3.426,38.736
3.448,38.736
3.468,38.736
3.487,38.736
3.508,38.736
3.529,38.736
3.550,38.601
3.569,38.736
3.590,38.601
3.600,38.601
3.621,38.601
3.649,38.601
3.666,38.736
3.688,38.601
3.703,38.601
3.730,38.601
3.750,38.466
3.764,38.601
3.790,38.466
3.806,40.241
3.828,38.466
3.848,38.466
3.870,38.466
3.890,38.332
3.911,38.332
3.929,38.332
3.950,38.332
3.968,38.466
3.990,38.197
4.009,38.466
4.029,38.197
4.050,38.197
4.071,38.063
4.091,38.197
4.110,38.063
4.131,38.197
4.151,38.197
4.171,37.930
4.191,38.197
4.211,38.332
4.231,38.063
4.245,37.930
4.262,37.930
4.282,37.930
4.303,37.796
4.323,37.796
4.343,37.796
4.363,37.796
4.383,37.663
4.408,37.663
4.430,37.663
4.444,37.663
4.465,37.530
4.490,37.530
4.506,37.530
4.526,37.530
4.549,37.530
4.571,37.397
4.588,37.265
4.612,37.265
4.628,37.265
4.651,37.265
4.672,37.397
4.690,37.133
4.712,37.133
4.732,37.133
4.753,37.001
4.773,37.001
4.793,37.001
4.813,36.869
4.830,36.738
4.853,36.738
4.872,36.607
4.892,36.607
4.908,36.607
4.929,36.476
4.951,36.476
4.972,36.345
4.992,36.345
5.012,36.345
5.031,36.215
5.053,36.215
5.072,36.345
5.092,36.084
5.113,36.084
5.133,35.954
5.154,35.954
5.174,35.954
5.192,36.607
5.213,35.954
5.230,35.825
5.253,35.695
5.272,35.695
5.291,35.566
5.314,35.566
5.327,35.566
5.354,35.437
5.368,35.437
5.394,35.308
5.413,35.308
5.433,35.308
5.453,35.180
5.474,35.180
5.494,35.051
5.511,35.051
5.533,34.795
5.554,34.668
5.571,34.795
5.594,34.795
5.614,34.668
5.634,34.668
5.653,34.668
5.674,34.540
5.694,34.413
5.714,34.413
5.735,34.413
5.754,34.413
5.773,34.286
5.786,34.668
5.815,34.159
5.835,34.286
5.851,34.033
5.872,34.033
5.895,34.033
5.914,33.906
5.936,33.780
5.950,33.780
5.969,33.654
5.989,33.780
6.014,33.529
6.034,33.529
6.051,33.529
6.073,33.403
6.096,33.403
6.116,33.278
6.132,33.278
6.153,33.153
6.173,33.153
6.196,32.903
6.216,32.903
6.235,33.028
6.256,32.903
6.275,32.903
6.296,32.779
6.317,32.654
6.337,32.779
6.355,32.779
6.367,32.530
6.394,32.406
6.413,32.406
6.436,32.406
6.454,32.159
6.475,31.912
6.489,32.283
6.515,32.159
6.537,32.159
6.551,31.912
6.571,31.912
6.597,31.912
6.613,31.790
6.637,31.790
6.653,31.667
6.673,31.667
6.697,31.544
6.716,31.422
6.737,31.422
6.751,31.422
6.771,31.300
6.797,31.300
6.817,31.177
6.837,31.177
6.857,31.056
6.877,31.056
6.894,30.934
6.914,30.934
6.938,30.812
6.957,30.691
6.977,30.691
6.998,30.691
7.018,30.691
7.035,30.570
7.058,30.449
7.079,30.449
7.097,30.449
7.117,30.328
7.138,30.207
7.158,30.207
7.179,30.087
7.198,30.087
7.217,29.967
7.237,29.967
7.258,28.654
7.276,29.846
7.298,29.726
7.316,29.726
7.337,29.726
7.357,29.607
7.377,29.487
7.399,29.487
7.418,29.487
7.438,29.367
7.458,29.967
7.479,29.248
7.499,29.129
7.509,29.129
7.538,29.010
7.558,29.010
7.579,28.891
7.600,28.891
7.618,28.772
7.632,28.772
7.657,28.535
7.679,28.417
7.693,28.535
7.713,28.535
7.738,28.417
7.755,28.299
7.779,28.299
7.800,28.299
7.815,28.181
7.838,28.181
7.856,28.063
7.877,28.063
7.897,27.945
7.918,27.945
7.940,27.828
7.959,27.828
7.979,27.710
8.000,27.710
8.020,27.359
8.040,27.593
8.061,27.476
8.081,27.476
8.099,27.359
8.120,27.242
8.140,27.242
8.153,27.242
8.181,27.126
8.195,27.126
8.220,27.126
8.235,27.009
8.260,27.009
8.281,26.893
8.301,26.776
8.319,27.009
8.341,26.776
8.358,26.660
8.381,26.660
8.401,26.544
8.417,26.544
8.437,26.544
8.457,26.428
8.478,26.428
8.499,26.312
8.520,26.197
8.541,26.197
8.561,26.081
8.580,26.081
8.600,26.428
8.621,25.966
8.642,25.966
8.662,25.851
8.679,25.851
8.693,25.851
8.713,25.966
8.742,25.735
8.762,25.620
8.781,25.620
8.802,25.506
8.822,25.391
8.841,25.391
8.862,25.391
8.874,25.391
8.895,25.276
8.922,25.276
8.936,25.162
8.962,25.162
8.977,25.047
8.997,23.683
9.022,25.047
9.041,24.819
9.059,24.933
9.080,24.819
9.101,24.705
9.121,24.705
9.143,24.705
9.160,24.591
9.181,24.591
9.201,24.591
9.223,24.477
9.243,24.477
9.263,24.363
9.273,24.363
9.303,24.249
9.318,24.249
9.343,24.249
9.363,24.136
9.382,24.136
9.404,23.796
9.424,23.909
9.444,23.909
9.464,23.909
9.484,23.909
9.503,23.796
9.524,23.796
9.543,23.683
9.564,23.570
9.584,23.570
9.594,23.570
9.624,23.570
9.644,23.457
9.664,23.457
9.681,23.344
9.696,23.344
9.724,23.344
9.737,23.231
9.757,23.231
9.778,23.119
9.798,23.119
9.824,23.119
9.841,23.006
9.865,22.894
9.884,22.894
9.905,22.894
9.925,22.782
9.941,22.782
9.964,22.782
9.983,22.670
10.004,22.670
10.025,22.557
10.044,22.557
10.064,22.445
10.085,22.557
10.105,22.445
10.125,22.445
10.145,22.334
10.156,22.334
10.184,22.222
10.205,22.222
10.225,21.887
10.243,22.110
10.258,22.222
10.279,22.110
10.299,21.998
10.325,21.998
10.342,21.775
10.365,21.887
10.381,21.887
10.402,21.775
10.426,22.782
10.443,21.664
10.463,21.664
10.484,21.664
10.504,21.553
10.526,21.553
10.547,21.553
10.565,21.441
10.585,21.553
10.606,21.330
10.625,21.219
10.637,21.219
10.658,21.219
10.678,21.219
10.704,21.108
10.725,21.108
10.747,20.997
10.766,20.997
10.783,20.997
10.805,20.887
10.826,20.887
10.842,20.887
10.865,20.776
10.883,20.776
10.906,20.665
10.926,20.776
10.945,20.665
10.967,20.665
10.985,20.555
11.005,20.555
11.026,20.555
11.046,20.444
11.066,20.444
11.087,20.334
11.108,20.334
11.126,20.334
11.141,20.224
11.167,20.224
11.180,20.224
11.201,20.113
11.227,20.113
11.243,19.893
11.266,20.003
11.288,20.003
11.303,20.003
11.327,19.893
11.344,19.893
11.368,19.783
11.384,19.783
11.405,19.783
11.427,19.673
11.446,19.673
11.466,19.673
11.488,19.673
11.507,19.673
11.527,19.563
11.549,19.563
11.569,19.563
11.589,19.453
11.608,19.453
11.629,19.344
11.649,19.344
11.669,19.344
11.689,19.344
11.709,19.344
11.727,19.344
11.748,19.234
11.770,19.234
11.789,19.124
11.809,19.124
11.828,19.015
11.850,19.015
11.868,19.015
11.889,19.015
11.909,18.905
11.929,18.905
11.949,19.015
11.970,18.796
11.989,18.796
12.010,18.796
12.029,18.686
12.046,18.686
12.070,18.686
12.090,18.577
12.108,18.577
12.129,18.577
12.144,18.577
12.165,18.468
12.185,18.359
12.205,18.468
12.228,18.359
12.248,18.359
12.267,18.359
12.287,18.249
12.309,18.249
12.329,18.249
12.350,18.140
12.370,18.140
12.389,18.249
12.410,18.140
12.431,18.140
12.450,18.031
12.471,18.031
12.483,18.031
12.511,17.922
12.529,17.922
12.542,17.922
12.563,18.249
12.583,18.031
12.610,17.813
12.629,17.813
12.644,17.813
12.669,17.705
12.690,17.705
12.708,17.705
12.731,17.596
12.746,17.596
12.770,17.596
12.790,17.596
12.808,17.487
12.829,17.487
12.851,17.378
12.870,17.378
12.891,17.378
12.911,17.378
12.931,17.378
12.951,17.270
12.972,17.270
12.982,17.270
13.002,17.161
13.032,17.161
13.051,17.053
13.072,17.161
13.090,17.161
13.107,17.161
13.132,17.053
13.146,17.053
13.169,16.944
13.186,16.944
13.206,16.944
13.230,16.944
13.249,16.836
13.271,16.836
13.288,16.836
13.311,16.836
13.330,16.836
13.353,16.727
13.373,16.727
13.393,16.727
13.410,16.727
13.431,16.619
13.453,16.078
13.472,16.619
13.492,16.511
13.513,16.511
13.533,16.511
13.544,16.619
13.572,16.402
13.592,16.402
13.612,16.511
13.633,16.402
13.650,16.402
13.673,16.294
13.692,16.294
13.708,16.294
13.730,16.294
13.748,16.186
13.769,16.186
13.793,16.186
13.813,16.186
13.833,16.078
13.850,16.078
13.871,16.078
13.891,16.078
13.914,16.078
13.933,15.754
13.954,15.970
13.973,15.970
13.994,15.970
14.015,15.754
14.034,15.862
14.054,15.862
14.070,15.862
14.094,15.754
14.114,15.862
14.134,15.754
14.155,15.754
14.174,15.646
14.193,15.646
14.215,15.646
14.233,15.646
14.254,15.646
14.274,15.538
14.295,15.538
14.315,15.538
14.335,15.538
14.355,15.538
14.375,15.430
14.396,15.430
14.414,15.430
14.431,15.430
14.447,14.783
14.475,15.322
14.495,15.322
14.514,15.322
14.531,15.214
14.553,15.214
14.575,15.214
14.592,15.214
14.612,15.214
14.633,15.106
14.654,15.106
14.675,15.106
14.693,15.106
14.715,15.106
14.733,14.998
14.753,14.998
14.774,14.998
14.795,14.891
14.813,14.998
14.833,14.891
14.856,14.891
14.876,14.891
14.896,16.294
14.915,14.891
14.936,14.783
14.955,14.783
14.976,14.783
14.996,14.568
15.017,14.675
15.037,14.675
15.056,14.675
15.077,14.675
15.097,14.675
15.109,14.675
15.131,14.675
15.157,14.568
15.170,14.568
15.196,14.675
15.215,14.568
15.237,14.460
15.257,14.460
15.271,14.460
15.297,14.352
15.314,14.245
15.335,14.352
15.357,14.352
15.376,14.245
15.396,14.352
15.414,14.352
15.438,14.245
15.454,14.245
15.477,14.245
15.497,14.137
15.516,14.245
15.537,14.137
15.558,14.137
15.577,14.137
15.598,14.030
15.618,14.137
15.638,14.030
15.657,14.030
15.678,14.030
15.698,14.137
15.717,14.030
15.738,13.922
15.757,13.922
15.777,13.922
15.797,13.922
15.818,13.922
15.837,13.815
15.858,13.815
15.878,13.815
15.899,13.815
15.919,13.815
15.936,13.815
15.956,13.707
15.970,13.707
15.999,13.707
16.012,13.707
16.040,13.600
16.052,13.707
16.079,13.600
16.099,13.600
16.114,13.600
16.139,13.600
16.157,13.600
16.178,13.492
16.198,13.492
16.218,13.385
16.238,13.492
16.255,13.492
16.275,13.385
16.295,13.385
16.316,13.385
16.339,13.385
16.358,13.385
16.380,13.385
16.400,12.312
16.420,13.278
16.440,13.385
16.460,13.278
16.480,13.278
16.497,13.170
16.516,13.170
16.540,13.170
16.560,13.170
16.579,13.278
16.599,13.170
16.618,13.170
16.638,13.170
16.658,13.063
16.679,13.063
16.701,13.063
16.719,13.063
16.739,13.063
16.759,13.063
16.780,12.956
16.800,12.956
16.821,12.956
16.834,12.956
16.852,12.956
16.871,12.956
16.894,12.848
16.913,12.848
16.934,12.848
16.958,12.848
16.980,12.848
16.995,12.741
17.014,12.741
17.040,12.741
17.055,12.741
17.075,12.741
17.097,12.741
17.121,12.741
17.136,12.956
17.156,12.634
17.180,12.634
17.200,12.634
17.222,12.526
17.242,12.634
17.260,12.634
17.281,12.526
17.301,12.848
17.322,12.419
17.342,12.419
17.362,12.205
17.382,12.526
17.402,12.526
17.422,12.526
17.435,12.419
17.453,12.419
17.479,12.419
17.495,12.419
17.521,12.419
17.542,12.419
17.562,12.419
17.582,12.312
17.600,12.312
17.622,12.312
17.640,12.312
17.660,12.312
17.683,12.312
17.697,12.205
17.721,11.990
17.740,12.205
17.760,12.205
17.778,12.205
17.798,12.205
17.818,12.205
17.841,12.205
17.861,12.098
17.882,12.098
17.900,12.098
17.920,12.098
17.942,12.098
17.962,12.205
17.983,12.098
18.003,12.098
18.023,11.990
18.042,11.990
18.062,11.990
18.083,11.561
18.104,13.385
18.124,11.990
18.136,11.990
18.155,11.883
18.182,11.883
18.200,11.883
18.224,11.883
18.241,11.883
18.259,11.883
18.282,13.385
18.298,11.883
18.324,11.776
18.341,11.776
18.363,11.776
18.383,11.776
18.404,11.776
18.424,11.669
18.441,11.669
18.462,11.776
18.483,11.669
18.502,10.383
18.523,11.776
18.544,11.669
18.564,11.776
18.585,11.669
18.604,11.561
18.625,11.561
18.641,11.561
18.665,11.561
18.685,11.561
18.705,11.454
18.725,11.669
18.744,11.561
18.765,11.454
18.785,11.454
18.805,11.454
18.823,11.454
18.845,11.454
18.866,11.454
18.880,11.454
18.900,11.454
18.922,11.347
18.940,11.347
18.966,11.347
18.984,11.347
19.000,11.347
19.022,11.347
19.046,11.240
19.061,11.240
19.083,11.240
19.106,11.240
19.124,11.240
19.145,11.240
19.163,11.240
19.183,11.240
19.205,11.240
19.224,11.240
19.246,11.669
19.266,11.133
19.286,11.026
19.306,10.918
19.326,11.026
19.347,11.240
19.367,11.133
19.387,11.347
19.405,11.026
19.424,11.026
19.439,11.026
19.466,11.026
19.487,11.026
19.505,11.026
19.524,11.026
19.541,11.026
19.561,11.026
19.587,10.918
19.601,10.918
19.621,10.918
19.646,10.918
19.662,10.918
19.682,10.918
19.703,10.918
19.723,10.918
19.744,10.918
19.764,10.811
19.785,11.026
19.805,10.811
19.825,10.811
19.845,10.811
19.866,10.811
19.887,10.811
19.907,10.811
19.927,10.811
19.948,10.704
19.966,10.704
19.979,10.704
19.999,10.704
20.028,10.704
20.044,10.704
20.060,10.811
20.089,10.704
20.107,10.704
20.125,10.704
20.146,10.597
20.163,10.597
20.188,10.918
20.204,10.597
20.226,10.597
20.249,10.490
20.266,10.597
20.289,10.490
20.306,10.597
20.328,10.597
20.349,10.490
20.369,10.490
20.389,10.490
20.409,10.490
20.430,10.490
20.449,10.490
20.470,10.490
20.490,10.383
20.510,10.383
20.520,10.383
20.546,10.383
20.570,10.383
20.588,10.383
20.604,10.383
20.629,10.383
20.648,10.383
20.668,10.383
20.688,10.383
20.704,10.275
20.725,10.275
20.749,10.383
20.761,10.275
20.782,10.275
20.802,10.275
20.823,10.275
20.845,10.275
20.868,10.597
20.891,10.168
20.906,10.168
20.931,10.168
20.950,10.168
20.970,10.168
20.991,10.168
21.011,10.168
21.030,9.954
21.051,10.168
21.070,10.168
21.091,10.061
21.104,10.061
21.131,10.061
21.151,10.061
21.165,10.061
21.188,10.061
21.211,10.061
21.230,10.061
21.251,10.061
21.268,10.061
21.289,10.918
21.306,10.061
21.329,9.954
21.347,9.954
21.371,9.954
21.388,9.954
21.409,9.954
21.429,9.954
21.450,9.954
21.470,9.954
21.490,9.954
21.511,9.954
21.531,10.597
21.550,9.954
21.571,9.846
21.592,9.846
21.613,9.846
21.625,9.846
21.650,9.846
21.671,9.846
21.691,9.846
21.713,9.846
21.726,9.739
21.746,9.739
21.765,9.739
21.787,9.739
21.806,9.739
21.826,9.739
21.853,9.739
21.866,9.739
21.891,9.632
21.907,9.739
21.930,9.846
21.949,9.739
21.970,9.632
21.991,9.632
22.013,9.632
22.033,9.632
22.050,9.632
22.073,9.632
22.092,9.632
22.112,9.632
22.134,9.632
22.153,9.525
22.174,9.632
22.193,9.525
22.213,9.525
22.234,9.525
22.250,9.525
22.271,9.525
22.287,9.525
22.313,9.525
22.326,9.525
22.347,9.632
22.369,9.525
22.394,9.525
22.415,9.417
22.434,9.525
22.450,9.417
22.472,9.417
22.494,9.417
22.510,9.417
22.533,9.417
22.551,9.417
22.572,9.417
22.592,9.417
22.612,9.310
22.633,9.417
22.654,9.310
22.674,9.310
22.695,9.310
22.714,9.310
22.735,9.310
22.754,9.310
22.775,9.310
22.788,9.310
22.813,8.773
22.834,9.310
22.853,9.203
22.873,9.310
22.887,9.310
22.913,9.310
22.928,9.203
22.955,9.203
22.971,9.203
22.990,9.203
23.013,9.203
23.031,9.310
23.051,9.310
23.074,8.988
23.092,9.203
23.114,9.203
23.133,9.203
23.156,9.096
23.174,9.096
23.196,9.203
23.214,9.096
23.235,9.096
23.255,9.096
23.276,9.096
23.296,9.096
23.316,9.096
23.337,9.096
23.356,9.096
23.376,8.988
23.397,9.096
23.417,8.988
23.435,8.988
23.456,8.988
23.475,8.988
23.496,8.988
23.516,8.988
23.537,9.203
23.557,8.988
23.577,9.096
23.590,8.881
23.608,8.988
23.633,8.988
23.655,8.988
23.675,8.881
23.697,8.881
23.711,8.773
23.731,8.881
23.755,8.881
23.774,8.881
23.793,8.881
23.815,8.881
23.838,8.881
23.853,8.881
23.875,8.988
23.896,8.881
23.915,8.881
23.935,8.881
23.956,8.773
23.976,8.773
23.996,8.773
24.017,8.773
24.037,8.773
24.058,8.773
24.077,8.773
24.098,8.773
24.119,8.773
24.138,8.773
24.154,8.773
24.177,8.773
24.196,8.666
24.217,8.773
24.238,8.666
24.257,8.773
24.271,8.666
24.292,8.666
24.312,8.666
24.339,8.666
24.359,8.666
24.373,8.666
24.393,8.666
24.414,8.666
24.438,8.666
24.457,8.666
24.479,8.666
24.495,8.559
24.516,8.559
24.539,8.559
24.557,8.559
24.577,8.559
24.597,8.559
24.617,8.559
24.638,8.559
24.658,8.559
24.680,8.559
24.699,8.559
24.720,8.559
24.740,8.559
24.760,8.881
24.779,8.236
24.798,8.236
24.812,8.451
24.840,8.451
24.852,8.451
24.880,8.451
24.897,8.451
24.917,8.451
24.938,8.451
24.954,8.451
24.979,8.451
24.995,8.451
25.015,8.451
25.037,8.451
25.056,8.451
25.076,8.344
25.100,8.344
25.117,8.344
25.138,8.344
25.159,8.344
25.179,8.344
25.200,8.344
25.221,8.344
25.241,8.344
25.261,8.344
25.282,8.129
25.292,8.451
25.313,8.236
25.333,8.344
25.354,8.236
25.381,8.236
25.395,8.344
25.419,8.236
25.436,8.236
25.457,8.236
25.482,8.236
25.498,8.236
25.520,8.236
25.539,8.236
25.562,8.236
25.582,8.236
25.602,8.236
25.620,8.236
25.642,8.236
25.662,8.236
25.682,8.236
25.702,8.236
25.720,8.344
25.742,8.236
25.758,8.451
25.782,8.236
25.798,8.129
25.822,8.129
25.840,8.129
25.861,8.129
25.879,8.129
25.899,8.129
25.922,8.129
25.940,8.129
25.961,8.129
25.981,8.129
26.001,8.021
26.022,8.236
26.042,8.129
26.062,8.129
26.083,8.129
26.103,8.021
26.113,8.129
26.134,8.021
26.154,8.021
26.177,8.021
26.196,8.021
26.224,6.621
26.237,6.297
26.257,8.021
26.277,8.021
26.298,8.021
26.318,8.021
26.339,8.021
26.360,8.021
26.380,8.021
26.401,8.021
26.421,7.914
26.441,7.914
26.462,8.021
26.482,7.914
26.502,8.021
26.523,8.129
26.544,8.021
26.564,7.914
26.584,5.756
26.605,8.236
26.615,7.914
26.635,8.021
26.656,8.129
26.676,7.914
26.705,7.914
26.717,7.914
26.737,7.914
26.758,7.914
26.779,7.914
26.799,7.806
26.819,7.806
26.839,7.806
26.860,7.806
26.881,7.806
26.901,7.806
26.924,7.806
26.942,7.806
26.962,7.806
26.983,7.806
27.004,7.806
27.024,7.806
27.044,7.806
27.064,7.806
27.085,7.806
27.105,7.806
27.125,7.806
27.136,7.806
27.157,7.806
27.177,7.699
27.197,7.699
27.218,7.806
27.239,7.699
27.259,7.699
27.279,7.699
27.299,7.699
27.320,7.699
27.347,7.699
27.361,7.699
27.381,7.699
27.401,7.699
27.422,7.699
27.442,7.699
27.462,7.699
27.483,7.699
27.503,7.699
27.523,7.591
27.547,7.699
27.564,7.699
27.584,7.699
27.605,7.591
27.625,7.699
27.647,7.483
27.666,7.591
27.687,7.591
27.707,7.591
27.728,7.699
27.747,7.483
27.765,7.483
27.779,7.483
27.803,7.483
27.820,7.483
27.847,7.483
27.861,7.483
27.887,7.483
27.908,7.591
27.928,7.483
27.948,7.483
27.968,7.483
27.988,7.483
28.008,7.483
28.028,7.483
28.047,7.483
28.069,7.376
28.081,7.376
28.108,7.376
28.124,7.376
28.149,7.483
28.168,7.376
28.188,7.376
28.209,7.376
28.228,7.376
28.248,7.376
28.268,7.376
28.283,7.376
28.303,7.376
28.326,7.376
28.348,7.376
28.364,7.376
28.388,7.376
28.405,7.376
28.425,7.376
28.448,7.376
28.469,7.376
28.488,7.268
28.509,7.376
28.528,7.376
28.548,7.268
28.569,7.376
28.589,7.268
28.608,7.268
28.628,7.268
28.650,7.268
28.669,7.268
28.690,7.268
28.710,7.268
28.730,7.268
28.750,7.268
28.770,7.376
28.790,7.268
28.810,7.268
28.831,7.268
28.850,7.268
28.870,7.268
28.890,7.268
28.911,7.160
28.921,7.268
28.948,7.160
28.970,7.160
28.990,7.268
29.003,7.160
29.024,7.268
29.049,7.268
29.064,7.160
29.091,7.160
29.111,6.729
29.130,8.988
29.151,7.160
29.170,7.160
29.191,7.160
29.207,7.160
29.226,7.160
29.249,7.160
29.268,7.160
29.288,7.160
29.308,7.160
29.331,7.160
29.351,7.160
29.369,7.160
29.392,7.268
29.411,7.160
29.432,7.160
29.451,7.160
29.471,7.160
29.491,7.052
29.512,7.160
29.532,7.160
29.552,7.160
29.572,7.052
29.592,7.052
29.612,7.052
29.632,7.052
29.652,7.052
29.672,7.052
29.691,7.052
29.705,7.052
29.732,6.945
29.749,7.052
29.767,7.160
29.787,7.052
29.813,7.052
29.830,7.052
29.850,7.052
29.869,7.052
29.890,7.052
29.911,7.052
29.931,7.052
29.952,7.052
29.973,7.052
29.992,6.945
30.013,6.837
30.033,6.945
30.052,6.945
30.072,6.945
30.093,6.945
30.113,6.945
30.133,6.945
30.154,6.945
30.164,7.052
30.185,7.052
30.213,6.945
30.233,6.945
30.254,6.945
30.274,6.945
30.294,6.945
30.314,6.945
30.334,6.945
30.354,6.945
30.374,6.945
30.395,6.945
30.415,6.945
30.434,7.052
30.454,6.945
30.472,6.945
30.493,6.945
30.513,6.837
30.534,6.837
30.554,6.945
30.574,6.729
30.593,6.837
30.615,6.837
30.634,6.945
30.650,6.837
30.667,6.837
30.692,6.837
30.708,6.837
30.728,6.837
30.755,6.837
30.773,6.837
30.789,6.837
30.810,6.837
30.834,6.621
30.851,6.945
30.873,7.160
30.891,6.837
30.915,6.837
30.931,6.837
30.951,6.837
30.971,6.837
30.992,6.837
31.014,6.621
31.033,6.837
31.053,6.729
31.073,6.837
31.094,6.837
31.116,6.729
31.134,6.837
31.154,6.729
31.174,6.729
31.195,6.729
31.216,6.729
31.236,6.729
31.256,6.729
31.277,6.837
31.297,6.729
31.308,6.729
31.328,6.729
31.351,6.729
31.368,6.729
31.389,6.729
31.409,6.729
31.429,6.621
31.451,6.837
31.470,6.837
31.491,6.729
31.511,6.729
31.537,6.729
31.552,6.729
31.573,6.729
31.593,6.729
31.613,5.214
31.634,6.729
31.657,6.729
31.675,6.729
31.696,6.621
31.716,6.621
31.737,6.729
31.757,6.729
31.768,6.729
31.798,6.621
31.817,6.621
31.829,6.621
31.852,6.621
31.870,6.729
31.891,6.621
31.915,6.621
31.932,6.621
31.952,6.621
31.972,6.621
31.992,6.621
32.013,6.621
32.033,6.621
32.054,6.621
32.074,6.621
32.095,6.621
32.115,6.621
32.139,6.621
32.156,6.621
32.177,6.621
32.197,6.513
32.218,6.621
32.238,6.621
32.259,6.621
32.269,6.513
32.290,6.621
32.310,6.513
32.331,6.405
32.353,6.621
32.373,6.837
32.398,6.513
32.412,6.513
32.432,6.621
32.453,6.513
32.473,6.513
32.493,6.513
32.514,6.513
32.534,6.513
32.557,6.513
32.580,6.513
32.599,6.513
32.620,6.513
32.640,6.513
32.660,6.513
32.680,6.513
32.700,6.513
32.720,6.513
32.740,6.513
32.761,6.513
32.776,6.513
32.800,6.513
32.813,6.513
32.833,6.513
32.853,6.513
32.874,6.513
32.894,6.513
32.916,6.513
32.940,6.513
32.954,6.513
32.974,6.513
32.995,6.405
33.017,6.513
33.040,6.513
33.056,6.513
33.076,6.405
33.101,6.513
33.117,6.405
33.137,6.405
33.158,6.513
33.180,6.513
33.199,6.405
33.219,6.405
33.241,4.235
33.262,5.105
33.281,6.513
33.302,6.405
33.312,6.405
33.336,6.405
33.362,6.405
33.372,6.405
33.393,6.405
33.413,6.405
33.440,6.405
33.458,6.405
33.480,6.405
33.495,6.405
33.522,6.405
33.537,6.405
33.557,6.405
33.582,6.405
33.598,6.297
33.619,6.405
33.639,6.297
33.659,6.081
33.680,6.513
33.701,6.405
33.721,6.297
33.742,6.405
33.763,6.405
33.782,6.297
33.802,6.405
33.823,6.297
33.843,6.297
33.855,6.405
33.880,6.297
33.894,6.297
33.916,6.297
33.936,6.297
33.962,6.297
33.982,6.297
34.003,6.297
34.023,6.297
34.041,6.297
34.057,6.297
34.078,6.297
34.103,6.297
34.120,6.297
34.139,6.297
34.159,6.405
34.180,6.297
34.203,6.297
34.221,6.297
34.243,6.297
34.262,6.405
34.283,6.297
34.304,6.297
34.324,6.297
34.344,6.297
34.355,6.297
34.375,6.297
34.395,6.297
34.416,6.297
34.436,6.297
34.463,6.297
34.477,6.189
34.504,6.297
34.524,6.189
34.539,5.972
34.565,6.189
34.582,6.297
34.600,6.297
34.621,6.189
34.645,6.297
34.662,6.189
34.683,6.189
34.705,6.189
34.724,6.189
34.745,6.189
34.764,6.189
34.785,6.189
34.805,6.189
34.826,6.297
34.846,6.189
34.866,6.189
34.886,6.189
34.905,6.189
34.925,6.189
34.946,5.431
34.966,6.297
34.986,6.297
35.005,6.189
35.026,6.189
35.046,6.189
35.066,6.189
35.086,6.189
35.106,6.189
35.126,6.189
35.146,6.189
35.165,6.189
35.184,6.189
35.204,6.189
35.225,6.081
35.243,6.297
35.260,6.189
35.282,6.405
35.301,6.189
35.323,6.081
35.341,6.189
35.364,6.081
35.382,6.081
35.404,6.189
35.425,6.189
35.446,6.081
35.467,5.972
35.485,6.081
35.505,6.081
35.527,6.081
35.547,6.081
35.567,6.081
35.587,6.081
35.608,6.081
35.626,6.081
35.646,6.081
35.665,6.081
35.684,6.081
35.700,6.405
35.721,6.081
35.748,6.081
35.762,6.081
35.782,6.081
35.807,6.081
35.825,6.081
35.843,6.081
35.864,6.081
35.885,6.081
35.905,6.081
35.929,6.081
35.946,6.081
35.967,6.081
35.988,6.081
36.009,6.081
36.029,6.081
36.047,6.081
36.066,6.081
36.080,6.081
36.101,6.081
36.129,6.081
36.149,6.081
36.168,6.081
36.189,6.081
36.203,6.081
36.223,5.972
36.248,6.081
36.268,6.081
36.285,6.081
36.307,5.972
36.326,5.972
36.346,5.972
36.366,5.972
36.387,5.972
36.406,4.235
36.428,7.699
36.449,5.864
36.468,5.972
36.489,6.081
36.510,5.972
36.529,5.972
36.541,5.972
36.565,5.864
36.582,5.972
36.603,5.972
36.631,5.972
36.648,5.864
36.666,5.972
36.685,5.972
36.706,5.972
36.726,5.972
36.745,5.972
36.767,5.972
36.786,5.972
36.807,5.972
36.827,5.972
36.849,5.972
36.870,5.972
36.890,5.972
36.910,5.972
36.921,5.972
36.941,5.972
36.971,5.972
36.982,5.972
37.003,5.972
37.023,5.972
37.044,5.972
37.064,5.972
37.084,5.972
37.105,5.972
37.126,5.972
37.146,5.972
37.167,5.972
37.191,5.864
37.212,5.864
37.231,5.756
37.251,5.756
37.271,5.972
37.292,5.972
37.312,5.972
37.330,5.864
37.351,5.864
37.371,5.864
37.392,5.972
37.412,5.864
37.432,5.972
37.448,5.972
37.470,6.189
37.489,5.972
37.508,6.081
37.530,5.972
37.549,5.864
37.572,6.081
37.591,5.864
37.612,5.864
37.632,5.864
37.654,5.864
37.672,5.864
37.693,5.864
37.708,5.864
37.732,5.972
37.749,5.864
37.772,5.864
37.785,5.864
37.808,5.864
37.825,5.864
37.845,5.864
37.866,5.864
37.886,5.864
37.910,5.864
37.928,5.864
37.947,5.864
37.967,5.864
37.991,5.864
38.008,5.864
38.034,5.864
38.049,5.864
38.074,5.864
38.089,5.864
38.114,5.864
38.133,5.864
38.151,5.864
38.171,5.864
38.193,5.864
38.213,5.864
38.234,5.864
38.253,5.972
38.274,5.864
38.294,5.864
38.314,5.864
38.334,5.864
38.345,5.864
38.372,5.864
38.388,5.864
38.413,5.864
38.426,5.864
38.446,5.864
38.468,5.864
38.488,5.864
38.514,5.756
38.527,5.864
38.548,5.864
38.571,5.972
38.589,5.864
38.610,5.864
38.630,5.756
38.651,5.756
38.676,5.864
38.696,5.756
38.713,5.864
38.733,5.756
38.755,5.756
38.772,5.756
38.796,5.756
38.815,5.756
38.835,5.756
38.855,5.756
38.875,5.756
38.895,5.756
38.916,5.756
38.933,5.756
38.955,5.756
38.973,5.756
38.988,5.756
39.016,5.756
39.036,5.756
39.056,4.671
39.076,5.756
39.092,5.756
39.110,5.756
39.133,5.756
39.155,5.756
39.172,5.756
39.192,5.756
39.213,5.864
39.233,6.081
39.253,5.756
39.274,5.756
39.294,5.756
39.315,5.756
39.336,5.648
39.356,5.756
39.376,5.756
39.397,6.729
39.415,5.756
39.428,5.756
39.448,5.756
39.472,5.756
39.496,5.756
39.515,5.756
39.537,5.756
39.555,5.756
39.577,5.756
39.598,5.756
39.618,5.756
39.638,5.756
39.656,5.648
39.676,5.648
39.698,5.648
39.717,6.621
39.738,5.756
39.752,5.756
39.775,5.756
39.798,5.648
39.818,5.648
39.837,5.756
39.855,5.648
39.873,5.648
39.893,5.214
39.913,5.648
39.934,6.945
39.954,6.081
39.975,5.756
39.995,5.648
40.018,5.648
40.038,5.756
40.058,5.648
40.079,5.648
40.098,5.648
40.118,5.756
40.139,5.539
40.149,5.648
40.170,5.648
40.192,5.648
40.210,5.648
40.231,5.648
40.254,5.648
40.272,5.648
40.299,5.648
40.320,5.648
40.337,5.648
40.359,5.648
40.379,5.648
40.399,5.648
40.417,5.648
40.434,5.648
40.454,5.648
40.477,5.648
40.496,5.648
40.516,5.648
40.539,5.648
40.557,5.648
40.579,5.648
40.600,5.648
40.620,5.648
40.639,5.539
40.659,5.648
40.680,5.648
40.700,5.648
40.721,5.648
40.738,5.648
40.755,5.648
40.772,5.648
40.793,5.648
40.821,5.648
40.835,5.648
40.854,5.648
40.874,5.648
40.895,5.648
40.919,5.648
40.941,5.648
40.958,5.648
40.980,5.648
40.997,5.648
41.021,5.539
41.041,5.539
41.058,5.648
41.079,5.648
41.099,5.539
41.120,5.648
41.142,5.756
41.161,5.539
41.181,5.648
41.201,5.648
41.222,5.539
41.240,5.648
41.253,5.539
41.274,5.539
41.294,5.539
41.315,5.539
41.340,5.539
41.356,5.322
41.376,5.648
41.401,5.539
41.417,5.539
41.442,5.539
41.458,5.539
41.480,5.539
41.498,4.888
41.519,4.888
41.539,5.539
41.560,5.539
41.580,5.648
41.600,5.431
41.621,5.539
41.641,5.539
41.662,5.539
41.683,5.539
41.704,5.539
41.722,5.539
41.742,5.648
41.763,5.539
41.783,5.539
41.804,5.539
41.814,5.648
41.836,5.539
41.856,5.539
41.879,5.539
41.901,5.539
41.924,5.431
41.943,5.539
41.963,5.539
41.984,5.539
42.002,5.539
42.024,5.539
42.044,5.539
42.064,5.539
42.077,5.539
42.098,5.539
42.120,5.539
42.138,5.539
42.159,5.539
42.179,5.539
42.201,5.539
42.224,5.539
42.239,5.539
42.263,5.539
42.282,5.539
42.304,5.539
42.321,5.539
42.340,5.539
42.365,5.431
42.383,5.539
42.402,5.539
42.425,5.539
42.445,5.539
42.464,5.648
42.483,5.539
42.505,5.648
42.523,5.648
42.544,5.322
42.564,5.539
42.585,5.431
42.605,5.322
42.625,5.756
42.643,5.539
42.658,5.322
42.676,5.539
42.704,5.431
42.725,5.539
42.745,5.539
42.765,5.539
42.778,5.539
42.805,5.431
42.825,5.431
42.840,5.431
42.867,5.431
42.881,5.431
42.902,5.431
42.923,5.431
42.946,5.431
42.963,5.431
42.983,5.539
43.004,5.431
43.024,5.431
43.045,5.431
43.067,5.431
43.086,5.431
43.106,5.431
43.126,5.431
43.147,5.431
43.167,5.431
43.177,5.431
43.203,5.431
43.227,5.431
43.244,5.431
43.267,5.431
43.279,5.431
43.301,5.539
43.326,5.431
43.343,5.431
43.367,5.431
43.382,5.431
43.400,5.214
43.420,5.322
43.447,5.431
43.467,5.431
43.482,5.322
43.507,5.431
43.523,5.648
43.543,5.756
43.567,5.431
43.585,5.431
43.608,5.431
43.627,5.431
43.647,4.888
43.667,5.539
43.688,5.431
43.708,5.431
43.728,5.431
43.739,5.431
43.767,5.431
43.779,5.431
43.807,5.431
43.828,5.431
43.841,5.431
43.867,5.431
43.881,5.431
43.901,5.431
43.922,5.431
43.942,5.431
43.967,5.431
43.984,5.431
44.007,5.431
44.029,5.105
44.046,5.431
44.068,5.431
44.087,5.431
44.109,5.431
44.128,5.431
44.149,5.431
44.169,5.105
44.188,5.322
44.206,5.322
44.229,5.322
44.249,5.431
44.270,5.322
44.290,5.322
44.310,5.322
44.330,5.431
44.349,5.322
44.369,5.322
44.390,5.431
44.409,5.431
44.430,5.431
44.450,5.431
44.470,5.322
44.490,5.431
44.506,5.322
44.530,5.322
44.550,5.431
44.567,5.431
44.589,5.431
44.608,5.322
44.623,5.431
44.650,5.322
44.668,5.322
44.683,5.431
44.704,5.322
44.724,5.322
44.745,5.322
44.768,5.322
44.787,5.322
44.807,5.322
44.831,5.322
44.849,5.431
44.872,5.322
44.888,5.322
44.909,5.322
44.929,5.322
44.951,5.322
44.970,5.322
44.990,5.322
45.010,5.322
45.031,5.322
45.051,5.322
45.071,5.322
45.091,5.322
45.112,5.322
45.124,5.322
45.143,5.322
45.170,5.322
45.190,5.322
45.204,5.322
45.230,5.322
45.249,5.322
45.269,5.322
45.290,5.322
45.308,5.322
45.328,5.322
45.347,5.322
45.369,5.431
45.388,5.864
45.409,5.322
45.430,5.322
45.450,5.322
45.472,5.322
45.490,5.322
45.510,5.322
45.531,5.322
45.551,5.539
45.573,5.322
45.592,5.322
45.613,5.322
45.623,5.322
45.649,5.322
45.671,5.322
45.690,5.431
45.712,5.322
45.725,5.322
45.746,5.431
45.769,5.431
45.786,5.322
45.812,5.322
45.827,5.322
45.848,5.322
45.870,5.322
45.889,5.539
45.910,5.322
45.930,5.322
45.951,5.322
45.972,5.322
45.991,5.431
46.013,5.105
46.032,5.322
46.054,5.322
46.074,5.322
46.094,5.322
46.114,5.322
46.133,5.214
46.145,5.322
46.170,5.214
46.186,5.322
46.207,5.214
46.232,5.214
46.248,5.214
46.270,5.214
46.289,5.214
46.310,5.322
46.332,5.322
46.354,5.322
46.371,5.322
46.392,5.214
46.414,5.322
46.433,5.214
46.455,5.214
46.474,5.214
46.495,4.888
46.514,5.431
46.535,5.214
46.556,5.864
46.580,5.214
46.595,5.214
46.614,5.214
46.634,5.322
46.656,5.214
46.676,5.214
46.694,5.214
46.716,5.214
46.734,5.214
46.756,5.322
46.775,5.214
46.796,4.997
46.815,5.214
46.835,5.214
46.856,5.214
46.876,5.214
46.896,5.214
46.914,5.214
46.927,5.214
46.948,5.214
46.971,5.214
46.997,5.214
47.009,5.214
47.030,5.214
47.050,5.214
47.071,5.214
47.097,5.214
47.116,5.214
47.132,5.214
47.157,5.214
47.175,5.214
47.193,5.214
47.215,5.214
47.235,5.214
47.256,5.214
47.277,5.214
47.296,5.214
47.315,5.214
47.337,5.214
47.356,5.214
47.377,5.214
47.397,5.214
47.418,5.214
47.438,5.214
47.458,5.214
47.472,5.214
47.492,5.214
47.517,5.214
47.529,5.214
47.550,5.214
47.574,4.997
47.590,5.214
47.611,5.214
47.638,5.214
47.651,5.214
47.674,5.214
47.692,5.214
47.715,5.214
47.733,5.214
47.753,5.214
47.779,5.431
47.793,5.214
47.815,5.214
47.834,5.214
47.854,5.214
47.879,5.214
47.899,5.214
47.917,5.214
47.937,5.214
47.959,5.214
47.979,5.214
47.998,5.214
48.019,5.214
48.039,5.214
48.050,5.431
48.079,5.214
48.099,5.214
48.116,5.214
48.140,5.214
48.159,5.214
48.179,5.214
48.200,5.214
48.220,5.214
48.240,5.214
48.260,5.214
48.274,5.214
48.295,5.214
48.316,5.322
48.337,5.214
48.356,5.214
48.376,5.105
48.397,5.105
48.417,5.214
48.437,5.214
48.457,5.214
48.478,5.105
48.500,5.431
48.519,5.214
48.539,5.214
48.559,5.214
48.581,5.214
48.601,5.214
48.620,5.214
48.641,5.105
48.661,5.214
48.681,5.322
48.698,5.105
48.712,5.105
48.738,5.105
48.761,5.214
48.773,5.214
48.793,5.214
48.814,5.214
48.838,5.105
48.860,4.997
48.874,5.431
48.902,5.214
48.922,5.105
48.942,4.779
48.962,5.105
48.981,5.105
49.002,5.214
49.022,5.105
49.032,5.105
49.062,5.105
49.081,5.105
49.095,5.105
49.116,5.105
49.135,4.888
49.157,5.105
49.175,5.105
49.199,5.105
49.221,5.105
49.237,5.105
49.262,5.105
49.277,5.105
49.297,5.214
49.318,5.105
49.340,5.105
49.358,5.322
49.382,5.214
49.400,5.105
49.422,5.105
49.441,5.105
49.462,5.105
49.483,5.105
49.503,5.105
49.523,5.105
49.543,5.105
49.563,5.105
49.574,5.864
49.594,5.105
49.621,5.105
49.640,5.105
49.656,5.105
49.676,5.105
49.696,5.105
49.721,5.105
49.737,5.105
49.758,5.105
49.779,5.105
49.798,4.997
49.825,5.105
49.841,4.997
49.861,5.105
49.880,4.888
49.902,4.997
49.924,5.214
49.941,5.105
49.962,5.105
49.981,5.105
50.004,5.105
50.023,5.105
50.044,5.105
50.064,5.105
50.084,5.105
50.105,5.105
50.116,5.105
50.136,5.105
50.156,5.105
50.176,5.105
50.204,5.105
50.217,5.105
50.238,4.888
50.263,5.105
50.282,5.105
50.299,5.105
50.325,5.105
50.342,5.105
50.360,4.779
50.381,5.105
50.405,5.105
50.422,5.648
50.442,5.214
50.462,5.105
50.482,5.105
50.505,5.105
50.523,5.105
50.544,4.997
50.564,5.105
50.584,5.105
50.604,5.105
50.625,5.214
50.645,5.105
50.666,5.105
50.685,4.997
50.706,4.997
50.726,4.997
50.737,5.214
50.764,4.997
50.777,5.105
50.798,4.997
50.818,4.997
50.839,5.105
50.860,5.105
50.880,5.105
50.901,5.105
50.922,5.105
50.946,4.997
50.963,5.105
50.984,5.105
51.004,4.997
51.025,5.105
51.043,4.997
51.067,5.105
51.084,5.105
51.104,5.105
51.126,5.105
51.145,4.997
51.166,4.997
51.187,5.105
51.207,5.105
51.227,5.105
51.247,5.105
51.268,5.105
51.288,5.105
51.306,5.105
51.328,4.997
51.348,4.997
51.367,5.105
51.386,5.105
51.408,5.105
51.428,5.105
51.447,5.105
51.467,3.689
51.488,5.105
51.508,5.105
51.528,4.997
51.539,4.997
51.559,5.214
51.587,4.997
51.606,5.105
51.629,4.997
51.641,4.997
51.661,5.105
51.683,5.105
51.702,4.997
51.723,4.997
51.743,4.997
51.763,4.997
51.788,4.997
51.809,4.997
51.828,5.105
51.849,4.997
51.865,4.997
51.888,4.997
51.906,5.214
51.929,4.997
51.949,4.997
51.967,4.997
51.987,4.997
52.008,4.997
52.028,4.779
52.050,4.997
52.069,4.997
52.089,4.997
52.110,4.997
52.129,4.997
52.141,4.997
52.161,4.997
52.182,4.779
52.207,4.997
52.222,4.997
52.243,4.997
52.270,5.105
52.290,4.997
52.305,4.997
52.325,4.997
52.348,4.997
52.366,4.888
52.386,4.997
52.407,4.997
52.428,4.997
52.448,4.997
52.469,4.997
52.490,4.997
52.511,4.997
52.530,4.997
52.550,4.779
52.571,4.997
52.591,4.997
52.611,4.997
52.630,4.997
52.649,4.997
52.662,4.997
52.683,4.997
52.704,4.997
52.729,4.997
52.744,4.997
52.770,4.997
52.788,4.997
52.806,4.997
52.830,4.997
52.848,4.997
52.870,4.997
52.887,4.997
52.908,4.562
52.929,4.997
52.949,4.779
52.969,4.997
52.989,4.997
53.010,4.997
53.031,4.997
53.052,4.997
53.072,4.997
53.093,4.997
53.103,4.997
53.134,4.997
53.144,4.997
53.172,4.997
53.190,4.997
53.205,4.997
53.228,4.997
53.245,4.997
53.270,4.997
53.293,5.105
53.307,4.997
53.332,4.997
53.352,4.997
53.372,4.888
53.389,4.997
53.409,4.888
53.430,4.997
53.453,4.997
53.471,4.997
53.493,4.997
53.512,5.972
53.534,4.997
53.554,4.997
53.573,4.997
53.593,4.888
53.614,4.888
53.634,4.997
53.654,4.997
53.671,4.997
53.691,4.997
53.713,4.997
53.731,4.997
53.752,4.997
53.773,4.997
53.793,4.997
53.814,4.997
53.834,6.081
53.854,4.997
53.875,4.997
53.895,4.997
53.914,4.888
53.932,4.997
53.946,4.997
53.966,4.888
53.991,5.214
54.008,4.997
54.028,4.888
54.051,4.997
54.071,4.997
54.095,4.997
54.110,4.997
54.130,4.997
54.149,4.779
54.170,5.539
54.191,4.888
54.214,4.997
54.233,4.888
54.255,4.888
54.275,4.888
54.292,4.888
54.315,4.888
54.335,4.888
54.353,4.888
54.374,4.997
54.394,4.888
54.414,4.888
54.435,4.997
54.455,4.779
54.475,4.997
54.496,4.888
54.516,4.888
54.534,4.888
54.556,4.888
54.567,4.888
54.595,4.888
54.615,4.888
54.637,4.888
54.655,4.888
54.676,4.888
54.695,4.888
54.713,4.888
54.737,4.888
54.751,4.888
54.771,4.888
54.795,4.888
54.813,4.779
54.837,5.105
54.852,4.997
54.876,4.997
54.894,4.997
54.913,4.888
54.936,4.888
54.954,4.888
54.977,4.888
54.994,4.888
55.015,4.888
55.036,4.888
55.056,4.888
55.076,4.888
55.097,4.888
55.117,4.888
55.137,4.888
55.148,4.671
55.169,4.888
55.198,4.888
55.217,4.888
55.236,4.779
55.256,4.888
55.275,4.888
55.297,4.888
55.312,4.779
55.338,4.779
55.357,5.105
55.372,4.888
55.399,4.888
55.415,4.888
55.435,4.888
55.458,4.888
55.474,4.888
55.497,4.888
55.514,4.888
55.538,4.888
55.558,4.888
55.578,4.888
55.596,4.888
55.616,4.888
55.637,4.888
55.658,4.888
55.678,4.888
55.698,4.888
55.719,4.888
55.739,4.997
55.757,4.779
55.779,4.671
55.793,4.888
55.816,4.888
55.839,4.888
55.859,4.888
55.878,4.888
55.900,4.888
55.920,4.888
55.938,4.888
55.959,4.888
55.980,4.888
56.000,4.888
56.020,4.888
56.040,4.888
56.060,4.888
56.080,4.888
56.100,4.888
56.114,4.888
56.134,5.105
56.156,4.888
56.180,4.888
56.198,4.888
56.220,4.888
56.240,4.888
56.257,4.888
56.279,4.779
56.299,4.888
56.320,4.888
56.340,4.779
56.358,4.888
56.379,4.888
56.401,4.888
56.420,4.888
56.441,4.888
56.461,4.888
56.481,4.888
56.500,4.888
56.512,4.888
56.541,4.888
56.561,4.888
56.581,4.888
56.601,4.888
56.621,4.888
56.640,4.779
56.656,4.779
56.681,4.997
56.698,4.779
56.717,4.888
56.737,4.888
56.758,4.888
56.781,4.779
56.799,4.888
56.822,4.888
56.840,4.888
56.861,4.888
56.882,4.888
56.902,4.888
56.922,4.888
56.942,4.888
56.961,4.997
56.981,4.779
56.994,4.779
57.022,4.888
57.040,4.779
57.062,4.888
57.082,4.888
57.096,4.888
57.122,4.888
57.142,4.888
57.163,4.888
57.182,5.105
57.197,4.997
57.223,5.105
57.242,4.888
57.259,4.888
57.282,4.888
57.301,4.888
57.323,4.888
57.342,4.888
57.363,4.888
57.383,4.779
57.404,4.888
57.414,4.888
57.434,4.779
57.455,4.888
57.482,4.888
57.504,4.779
57.521,4.888
57.537,4.779
57.564,4.671
57.582,5.105
57.598,4.997
57.620,4.779
57.640,4.997
57.663,4.888
57.683,4.888
57.704,4.888
57.720,4.888
57.740,4.888
57.760,4.779
57.783,4.888
57.801,4.888
57.821,4.779
57.842,4.779
57.863,4.779
57.883,4.888
57.904,4.888
57.925,4.888
57.944,4.779
57.965,4.779
57.985,4.779
58.004,4.888
58.016,4.779
58.049,4.779
58.065,4.779
58.083,4.779
58.105,4.888
58.121,4.779
58.139,4.671
58.160,4.779
58.184,4.779
58.204,4.779
58.225,4.779
58.246,4.779
58.265,4.888
58.284,4.779
58.306,4.888
58.326,4.779
58.346,4.779
58.365,4.888
58.386,4.562
58.406,4.017
58.426,4.888
58.439,4.888
58.460,4.779
58.484,4.779
58.505,4.779
58.522,4.779
58.541,4.779
58.562,4.779
58.584,4.779
58.604,4.779
58.623,4.888
58.646,4.779
58.664,4.779
58.684,4.779
58.704,4.779
58.725,4.779
58.746,4.779
58.767,4.888
58.786,4.779
58.807,4.779
58.827,4.779
58.847,4.779
58.858,4.779
58.884,4.779
58.899,4.997
58.919,4.779
58.940,4.779
58.960,4.779
58.984,4.779
59.001,4.779
59.022,4.888
59.042,4.779
59.062,4.779
59.087,4.779
59.105,4.779
59.124,4.779
59.148,4.888
59.166,4.888
59.185,4.779
59.205,4.779
59.225,4.779
59.246,4.779
59.267,4.779
59.287,4.779
59.308,4.779
59.328,4.779
59.348,4.779
59.369,4.779
59.390,4.779
59.399,4.779
59.422,4.779
59.440,4.779
59.465,4.779
59.485,4.779
59.501,4.779
59.522,6.081
59.542,4.997
59.562,4.779
59.585,4.779
59.603,4.779
59.623,4.779
59.644,4.779
59.664,4.779
59.685,4.779
59.706,4.779
59.726,4.779
59.747,5.105
59.767,4.779
59.787,4.779
59.808,4.779
59.828,4.779
59.849,4.779
59.869,4.779
59.890,4.779
59.910,4.779
59.920,4.779
59.941,4.779
59.961,4.779
59.985,4.779
60.002,4.779
60.022,4.888
60.048,4.997
60.067,4.779
60.085,6.081
60.104,4.779
60.124,4.779
60.144,4.779
60.165,4.779
60.186,4.779
60.207,4.888
60.227,4.779
60.250,4.562
60.269,4.779
60.290,4.779
60.309,3.798
60.331,4.779
60.351,4.779
60.371,4.779
60.391,4.779
60.402,4.671
60.422,4.779
60.453,4.779
60.471,4.779
60.488,4.779
60.504,4.779
60.532,4.779
60.551,4.779
60.572,4.779
60.592,4.779
60.606,4.779
60.632,4.888
60.652,4.779
60.672,4.779
60.692,4.779
60.712,4.779
60.726,4.671
60.750,4.779
60.772,4.779
60.791,4.779
60.812,4.997
60.832,4.779
60.852,4.779
60.872,4.779
60.887,4.779
60.903,4.779
60.924,4.779
60.945,4.779
60.966,4.779
60.987,4.779
61.006,6.513
61.027,4.779
61.048,4.779
61.069,4.779
61.091,4.779
61.110,4.779
61.130,4.779
61.152,4.888
61.171,4.997
61.192,4.779
61.212,4.779
61.233,4.779
61.253,4.779
61.274,4.888
61.288,5.756
61.313,4.779
61.325,4.779
61.346,4.779
61.366,4.779
61.388,4.997
61.408,4.562
61.428,4.779
61.449,4.779
61.469,4.779
61.489,4.779
61.510,4.779
61.530,4.779
61.554,4.779
61.571,4.779
61.592,4.671
61.612,4.779
61.632,4.453
61.652,4.671
61.673,4.779
61.694,4.779
61.714,4.779
61.735,4.779
61.745,4.779
61.766,4.779
61.788,4.779
61.807,4.671
61.827,4.671
61.847,4.779
61.873,4.779
61.888,4.671
61.909,4.779
61.929,4.779
61.950,4.888
61.970,4.779
61.990,4.779
62.011,4.779
62.031,4.779
62.052,4.779
62.073,4.779
62.093,4.779
62.114,4.779
62.135,4.779
62.157,4.779
62.176,4.671
62.196,4.671
62.216,4.671
62.226,4.779
62.247,4.779
62.267,4.779
62.289,4.779
62.316,4.779
62.329,4.671
62.350,4.779
62.370,4.671
62.391,4.671
62.411,4.779
62.432,4.779
62.457,4.779
62.474,4.671
62.495,4.779
62.516,4.779
62.533,4.888
62.555,4.779
62.573,4.671
62.594,4.562
62.615,4.779
62.637,4.671
62.656,4.779
62.676,4.888
62.697,4.779
62.717,4.779
62.737,4.779
62.758,4.779
62.778,5.105
62.790,4.779
62.808,4.671
62.829,4.671
62.850,4.779
62.870,4.888
62.898,5.105
62.918,4.779
62.938,4.779
62.958,4.671
62.978,4.779
62.996,3.798
63.015,4.779
63.029,4.779
63.050,4.779
63.071,4.779
63.098,4.779
63.111,4.779
63.131,4.671
63.151,4.671
63.172,4.671
63.195,4.888
63.213,4.671
63.233,4.671
63.253,4.779
63.274,4.671
63.294,4.779
63.315,4.671
63.335,4.671
63.355,4.671
63.376,4.671
63.396,4.671
63.416,4.671
63.437,4.671
63.458,4.671
63.478,4.779
63.499,4.779
63.519,4.671
63.540,4.671
63.550,4.671
63.575,4.671
63.592,4.671
63.612,4.671
63.632,4.671
63.653,4.453
63.673,6.621
63.696,4.779
63.714,4.671
63.738,4.671
63.759,4.671
63.775,4.671
63.795,4.671
63.816,4.671
63.837,4.671
63.857,4.671
63.877,4.671
63.898,4.671
63.918,4.671
63.939,4.671
63.959,4.671
63.980,4.671
64.001,4.779
64.020,5.322
64.041,4.779
64.061,4.779
64.081,4.671
64.096,4.671
64.112,4.671
64.133,4.671
64.160,4.779
64.173,4.779
64.194,4.671
64.215,4.779
64.235,4.235
64.256,4.671
64.276,4.671
64.297,4.671
64.317,4.671
64.338,4.671
64.358,4.671
64.378,4.671
64.399,4.779
64.421,4.671
64.440,4.888
64.460,4.671
64.482,4.779
64.501,4.671
64.521,4.671
64.542,4.671
64.562,4.671
64.582,4.671
64.603,4.671
64.623,4.453
64.642,4.779
64.663,4.888
64.682,4.671
64.703,4.671
64.717,4.671
64.742,4.671
64.754,4.671
64.777,4.562
64.800,4.671
64.823,4.671
64.841,4.671
64.862,4.671
64.882,4.671
64.898,4.779
64.921,4.671
64.939,4.671
64.966,4.671
64.980,4.671
65.001,4.671
65.021,4.671
65.042,4.671
65.062,4.671
65.082,4.671
65.103,4.671
65.123,4.671
65.145,4.671
65.164,4.671
65.183,4.671
65.202,4.671
65.224,4.562
65.244,4.453
65.262,4.671
65.284,4.671
65.304,4.779
65.324,4.344
65.337,4.888
65.364,4.671
65.380,4.671
65.405,4.671
65.415,4.671
65.442,4.671
65.457,4.671
65.482,4.671
65.497,4.671
65.524,4.671
65.544,4.671
65.563,4.671
65.583,4.671
65.602,4.671
65.625,4.671
65.641,4.671
65.662,4.671
65.682,4.671
65.705,4.671
65.725,4.997
65.743,4.671
65.763,4.671
65.784,4.671
65.805,4.671
65.825,4.671
65.845,4.671
65.865,4.671
65.885,4.671
65.905,4.671
65.926,4.671
65.946,4.671
65.967,4.671
65.982,4.671
66.005,4.671
66.025,4.671
66.040,4.671
66.058,4.671
66.079,4.671
66.100,4.671
66.120,4.671
66.145,4.671
66.161,4.671
66.181,4.671
66.202,4.671
66.223,4.671
66.246,4.017
66.266,4.344
66.287,3.689
66.306,4.671
66.323,4.671
66.344,4.671
66.364,4.671
66.385,4.671
66.405,4.671
66.426,4.671
66.447,4.671
66.467,4.671
66.478,4.671
66.507,4.562
66.518,4.671
66.547,4.779
66.559,4.671
66.587,4.671
66.600,4.671
66.621,4.671
66.641,4.671
66.664,4.671
66.687,4.671
66.707,4.671
66.727,4.671
66.747,4.671
66.764,4.671
66.788,4.671
66.808,4.671
66.828,4.671
66.844,4.671
66.865,4.671
66.886,4.671
66.907,4.671
66.926,4.671
66.946,4.671
66.967,4.671
66.988,4.671
67.008,4.671
67.028,4.671
67.048,4.453
67.069,4.562
67.081,4.671
67.107,4.671
67.121,5.214
67.146,4.671
67.162,4.671
67.188,4.671
67.207,4.671
67.223,4.671
67.246,4.671
67.264,4.671
67.285,4.671
67.305,6.405
67.329,4.997
67.350,4.671
67.366,4.671
67.390,4.671
67.407,4.671
67.429,4.671
67.448,4.671
67.468,4.671
67.490,4.671
67.510,4.671
67.530,4.562
67.550,4.671
67.570,4.671
67.588,4.671
67.610,4.671
67.630,4.671
67.650,4.562
67.670,4.671
67.690,4.671
67.709,4.671
67.727,4.671
67.750,4.671
67.770,4.671
67.789,4.671
67.809,4.562
67.829,4.671
67.851,4.671
67.870,4.671
67.891,4.671
67.904,4.671
67.930,4.344
67.942,4.562
67.970,4.671
67.983,4.671
68.007,4.671
68.023,4.562
68.045,4.562
68.064,4.562
68.091,4.671
68.105,4.671
68.125,4.562
68.146,4.562
68.171,4.562
68.188,4.671
68.207,4.671
68.227,4.671
68.248,4.671
68.269,4.671
68.289,4.671
68.309,4.671
68.331,4.671
68.352,4.671
68.372,4.671
68.391,4.671
68.412,4.671
68.432,4.671
68.453,4.562
68.472,4.671
68.486,4.671
68.504,4.671
68.524,4.671
68.550,4.562
68.565,4.562
68.588,4.671
68.607,4.562
68.630,4.671
68.648,4.671
68.671,4.671
68.690,4.562
68.713,5.105
68.732,4.671
68.753,4.671
68.772,4.562
68.793,4.562
68.814,4.671
68.824,4.562
68.845,4.671
68.867,4.671
68.885,4.562
68.912,4.671
68.933,4.671
68.950,4.671
68.967,4.671
68.993,4.562
69.009,4.562
69.029,4.562
69.054,4.671
69.070,4.671
69.091,4.562
69.112,4.235
69.133,5.105
69.153,4.562
69.174,4.671
69.194,4.671
69.214,4.671
69.234,4.562
69.254,4.671
69.274,4.562
69.287,4.671
69.313,4.562
69.325,4.562
69.346,4.671
69.374,4.562
69.390,4.562
69.414,4.671
69.433,4.671
69.454,4.671
69.472,4.671
69.488,4.671
69.507,4.671
69.528,4.562
69.554,4.671
69.573,4.562
69.595,4.562
69.609,4.562
69.629,4.562
69.655,4.562
69.673,4.671
69.690,4.562
69.711,4.671
69.732,4.562
69.755,4.779
69.775,4.562
69.792,4.671
69.814,4.562
69.833,4.671
69.855,4.562
69.876,4.562
69.896,4.562
69.914,4.562
69.936,4.562
69.957,4.562
69.976,4.671
69.996,4.453
70.012,4.671
70.037,4.562
70.052,4.562
70.073,4.671
70.095,4.562
70.113,4.562
70.134,4.562
70.154,4.562
70.175,4.562
70.196,4.562
70.215,4.562
70.236,4.562
70.257,4.562
70.277,4.562
70.287,4.562
70.308,4.562
70.328,4.562
70.349,4.562
70.369,4.779
70.390,4.671
70.410,4.562
70.431,4.997
70.451,4.562
70.472,4.562
70.492,4.671
70.512,4.671
70.533,4.779
70.554,4.562
70.574,4.562
70.595,4.562
70.616,4.671
70.636,4.562
70.657,4.562
70.677,4.562
70.698,4.562
70.718,4.562
70.738,4.562
70.749,4.562
70.770,4.562
70.790,4.562
70.812,4.562
70.838,4.562
70.851,4.562
70.871,4.562
70.892,4.562
70.911,4.562
70.938,4.562
70.957,4.562
70.978,4.562
70.996,4.562
71.017,4.562
71.038,4.453
71.058,4.235
71.074,4.562
71.095,4.562
71.115,4.562
71.135,4.562
71.156,4.562
71.178,4.562
71.197,4.562
71.217,4.562
71.238,4.562
71.258,4.562
71.279,4.562
71.299,4.562
71.320,4.779
71.340,4.235
71.356,4.779
71.380,4.562
71.397,4.562
71.418,5.864
71.431,4.562
71.452,4.562
71.473,4.562
71.496,4.562
71.520,4.562
71.540,4.562
71.555,4.562
71.575,4.562
71.596,4.562
71.620,4.562
71.637,4.562
71.658,4.562
71.680,4.562
71.698,4.671
71.720,4.562
71.741,4.562
71.761,4.562
71.779,4.562
71.800,4.888
71.820,4.562
71.840,4.562
71.860,4.562
71.881,4.562
71.891,4.562
71.921,4.562
71.940,4.562
71.959,4.562
71.973,4.562
71.993,4.562
72.013,4.779
72.040,4.562
72.066,4.671
72.075,4.779
72.095,4.562
72.115,4.671
72.141,4.671
72.162,4.562
72.182,4.562
72.202,4.562
72.220,4.562
72.242,4.562
72.262,4.562
72.282,4.562
72.302,4.562
72.323,4.562
72.342,4.562
72.355,4.562
72.381,4.562
72.401,4.562
72.416,4.562
72.436,4.562
72.458,4.562
72.477,4.671
72.500,4.562
72.521,4.562
72.543,4.562
72.560,4.562
72.581,4.562
72.602,4.562
72.622,4.888
72.642,4.562
72.662,4.562
72.682,4.562
72.703,4.562
72.723,4.562
72.743,4.562
72.762,4.344
72.782,4.562
72.802,4.562
72.823,4.562
72.843,4.562
72.858,4.562
72.882,4.562
72.899,4.562
72.921,4.562
72.942,4.562
72.963,4.562
72.977,4.562
72.998,4.562
73.023,4.562
73.038,4.562
73.063,4.562
73.079,4.562
73.104,4.562
73.123,4.562
73.143,4.562
73.163,4.562
73.182,4.562
73.205,4.671
73.223,4.888
73.245,4.562
73.265,4.562
73.285,4.562
73.304,4.562
73.325,4.562
73.343,4.562
73.358,4.562
73.383,4.671
73.404,4.562
73.423,4.562
73.438,4.562
73.463,4.562
73.479,4.562
73.500,4.562
73.523,4.562
73.545,4.562
73.562,4.562
73.582,4.562
73.606,4.562
73.623,4.562
73.645,4.562
73.664,4.562
73.685,4.562
73.706,4.562
73.724,4.562
73.745,4.562
73.757,4.562
73.783,4.562
73.806,4.562
73.821,4.562
73.839,4.562
73.859,4.562
73.880,4.562
73.906,4.562
73.920,4.562
73.940,4.562
73.960,4.562
73.981,4.235
74.007,4.344
74.022,4.453
74.042,4.562
74.066,4.562
74.083,4.562
74.107,4.562
74.124,4.562
74.146,4.562
74.167,4.562
74.186,4.453
74.207,4.562
74.227,4.562
74.237,4.562
74.267,4.562
74.282,4.453
74.307,4.562
74.319,4.562
74.342,4.562
74.367,4.562
74.387,4.562
74.407,4.562
74.421,4.562
74.442,4.562
74.466,4.562
74.487,4.562
74.507,4.562
74.528,4.344
74.547,4.562
74.568,4.562
74.588,4.562
74.608,4.562
74.628,4.562
74.648,4.453
74.668,4.562
74.688,4.562
74.708,4.562
74.728,4.453
74.746,4.562
74.768,4.562
74.782,4.562
74.807,4.562
74.822,4.562
74.842,4.562
74.867,4.562
74.883,4.671
74.908,4.562
74.923,4.562
74.948,4.562
74.965,4.562
74.985,4.562
75.008,4.562
75.028,4.562
75.047,4.562
75.069,4.562
75.086,4.344
75.108,4.453
75.129,4.562
75.149,4.562
75.169,4.562
75.189,4.562
75.209,4.453
75.230,4.453
75.248,4.562
75.268,4.779
75.290,4.562
75.308,4.562
